PRAGMA defer_foreign_keys=TRUE;
CREATE TABLE Matches (
  match_id TEXT PRIMARY KEY,
  match_url TEXT NOT NULL,
  match_date DATETIME NOT NULL,
  timestamp DATETIME NOT NULL
);
INSERT INTO Matches VALUES('1799','https://www.iplt20.com/match/2025/1799','2025-04-19 01:30:29','2025-04-19 01:30:29');
INSERT INTO Matches VALUES('1800','https://www.iplt20.com/match/2025/1800','2025-04-19 01:30:32','2025-04-19 01:30:32');
INSERT INTO Matches VALUES('1801','https://www.iplt20.com/match/2025/1801','2025-04-19 01:30:34','2025-04-19 01:30:34');
INSERT INTO Matches VALUES('1802','https://www.iplt20.com/match/2025/1802','2025-04-19 01:30:37','2025-04-19 01:30:37');
INSERT INTO Matches VALUES('1803','https://www.iplt20.com/match/2025/1803','2025-04-19 01:30:40','2025-04-19 01:30:40');
INSERT INTO Matches VALUES('1804','https://www.iplt20.com/match/2025/1804','2025-04-19 01:30:43','2025-04-19 01:30:43');
INSERT INTO Matches VALUES('1805','https://www.iplt20.com/match/2025/1805','2025-04-19 01:30:45','2025-04-19 01:30:45');
INSERT INTO Matches VALUES('1806','https://www.iplt20.com/match/2025/1806','2025-04-19 01:30:48','2025-04-19 01:30:48');
INSERT INTO Matches VALUES('1807','https://www.iplt20.com/match/2025/1807','2025-04-19 01:30:50','2025-04-19 01:30:50');
INSERT INTO Matches VALUES('1808','https://www.iplt20.com/match/2025/1808','2025-04-19 01:30:53','2025-04-19 01:30:53');
INSERT INTO Matches VALUES('1809','https://www.iplt20.com/match/2025/1809','2025-04-19 01:30:55','2025-04-19 01:30:55');
INSERT INTO Matches VALUES('1810','https://www.iplt20.com/match/2025/1810','2025-04-19 01:30:58','2025-04-19 01:30:58');
INSERT INTO Matches VALUES('1811','https://www.iplt20.com/match/2025/1811','2025-04-19 01:31:00','2025-04-19 01:31:00');
INSERT INTO Matches VALUES('1812','https://www.iplt20.com/match/2025/1812','2025-04-19 01:31:03','2025-04-19 01:31:03');
INSERT INTO Matches VALUES('1813','https://www.iplt20.com/match/2025/1813','2025-04-19 01:31:07','2025-04-19 01:31:07');
INSERT INTO Matches VALUES('1814','https://www.iplt20.com/match/2025/1814','2025-04-19 01:31:09','2025-04-19 01:31:09');
INSERT INTO Matches VALUES('1815','https://www.iplt20.com/match/2025/1815','2025-04-19 01:31:12','2025-04-19 01:31:12');
INSERT INTO Matches VALUES('1816','https://www.iplt20.com/match/2025/1816','2025-04-19 01:31:14','2025-04-19 01:31:14');
INSERT INTO Matches VALUES('1817','https://www.iplt20.com/match/2025/1817','2025-04-19 01:31:17','2025-04-19 01:31:17');
INSERT INTO Matches VALUES('1818','https://www.iplt20.com/match/2025/1818','2025-04-19 01:31:19','2025-04-19 01:31:19');
INSERT INTO Matches VALUES('1819','https://www.iplt20.com/match/2025/1819','2025-04-19 01:31:22','2025-04-19 01:31:22');
INSERT INTO Matches VALUES('1820','https://www.iplt20.com/match/2025/1820','2025-04-19 01:31:24','2025-04-19 01:31:24');
INSERT INTO Matches VALUES('1821','https://www.iplt20.com/match/2025/1821','2025-04-19 01:31:27','2025-04-19 01:31:27');
INSERT INTO Matches VALUES('1822','https://www.iplt20.com/match/2025/1822','2025-04-19 01:31:29','2025-04-19 01:31:29');
INSERT INTO Matches VALUES('1823','https://www.iplt20.com/match/2025/1823','2025-04-19 01:31:32','2025-04-19 01:31:32');
INSERT INTO Matches VALUES('1832','https://www.iplt20.com/match/2025/1832','2025-04-19 03:30:39','2025-04-19 03:30:39');
CREATE TABLE Teams (
  team_id TEXT PRIMARY KEY,
  team_name TEXT NOT NULL
);
INSERT INTO Teams VALUES('16','Kolkata Knight Riders');
INSERT INTO Teams VALUES('19','Royal Challengers Bangalore');
INSERT INTO Teams VALUES('20','Sunrisers Hyderabad');
INSERT INTO Teams VALUES('18','Rajasthan Royals');
INSERT INTO Teams VALUES('17','Mumbai Indians');
INSERT INTO Teams VALUES('13','Chennai Super Kings');
INSERT INTO Teams VALUES('77','Lucknow Super Giants');
INSERT INTO Teams VALUES('14','Delhi Capitals');
INSERT INTO Teams VALUES('15','Kings XI Punjab');
INSERT INTO Teams VALUES('35','Gujarat Titans');
CREATE TABLE TeamMatchPerformance (
  id INTEGER PRIMARY KEY AUTOINCREMENT,
  match_id TEXT NOT NULL,
  team_id TEXT NOT NULL,
  total_dot_balls_bowled INTEGER NOT NULL,
  total_trees_planted INTEGER NOT NULL,
  FOREIGN KEY (match_id) REFERENCES Matches(match_id),
  FOREIGN KEY (team_id) REFERENCES Teams(team_id),
  UNIQUE(match_id, team_id)
);
INSERT INTO TeamMatchPerformance VALUES(1,'1799','16',27,486);
INSERT INTO TeamMatchPerformance VALUES(2,'1799','19',50,900);
INSERT INTO TeamMatchPerformance VALUES(3,'1800','20',40,720);
INSERT INTO TeamMatchPerformance VALUES(4,'1800','18',25,450);
INSERT INTO TeamMatchPerformance VALUES(5,'1801','17',37,666);
INSERT INTO TeamMatchPerformance VALUES(6,'1801','13',49,882);
INSERT INTO TeamMatchPerformance VALUES(7,'1802','77',38,684);
INSERT INTO TeamMatchPerformance VALUES(8,'1802','14',46,828);
INSERT INTO TeamMatchPerformance VALUES(9,'1803','15',37,666);
INSERT INTO TeamMatchPerformance VALUES(10,'1803','35',45,810);
INSERT INTO TeamMatchPerformance VALUES(11,'1804','18',33,594);
INSERT INTO TeamMatchPerformance VALUES(12,'1804','16',47,846);
INSERT INTO TeamMatchPerformance VALUES(13,'1805','20',29,522);
INSERT INTO TeamMatchPerformance VALUES(14,'1805','77',39,702);
INSERT INTO TeamMatchPerformance VALUES(15,'1806','19',49,882);
INSERT INTO TeamMatchPerformance VALUES(16,'1806','13',46,828);
INSERT INTO TeamMatchPerformance VALUES(17,'1807','35',47,846);
INSERT INTO TeamMatchPerformance VALUES(18,'1807','17',36,648);
INSERT INTO TeamMatchPerformance VALUES(19,'1808','20',26,468);
INSERT INTO TeamMatchPerformance VALUES(20,'1808','14',41,738);
INSERT INTO TeamMatchPerformance VALUES(21,'1809','18',41,738);
INSERT INTO TeamMatchPerformance VALUES(22,'1809','13',43,774);
INSERT INTO TeamMatchPerformance VALUES(23,'1810','16',30,540);
INSERT INTO TeamMatchPerformance VALUES(24,'1810','17',52,936);
INSERT INTO TeamMatchPerformance VALUES(25,'1811','77',31,558);
INSERT INTO TeamMatchPerformance VALUES(26,'1811','15',45,810);
INSERT INTO TeamMatchPerformance VALUES(27,'1812','19',39,702);
INSERT INTO TeamMatchPerformance VALUES(28,'1812','35',54,972);
INSERT INTO TeamMatchPerformance VALUES(29,'1813','16',44,792);
INSERT INTO TeamMatchPerformance VALUES(30,'1813','20',43,774);
INSERT INTO TeamMatchPerformance VALUES(31,'1814','77',30,540);
INSERT INTO TeamMatchPerformance VALUES(32,'1814','17',38,684);
INSERT INTO TeamMatchPerformance VALUES(33,'1815','14',34,612);
INSERT INTO TeamMatchPerformance VALUES(34,'1815','13',30,540);
INSERT INTO TeamMatchPerformance VALUES(35,'1816','18',44,792);
INSERT INTO TeamMatchPerformance VALUES(36,'1816','15',36,648);
INSERT INTO TeamMatchPerformance VALUES(37,'1817','77',44,792);
INSERT INTO TeamMatchPerformance VALUES(38,'1817','16',36,648);
INSERT INTO TeamMatchPerformance VALUES(39,'1818','20',28,504);
INSERT INTO TeamMatchPerformance VALUES(40,'1818','35',47,846);
INSERT INTO TeamMatchPerformance VALUES(41,'1819','19',48,864);
INSERT INTO TeamMatchPerformance VALUES(42,'1819','17',32,576);
INSERT INTO TeamMatchPerformance VALUES(43,'1820','15',34,612);
INSERT INTO TeamMatchPerformance VALUES(44,'1820','13',36,648);
INSERT INTO TeamMatchPerformance VALUES(45,'1821','35',45,810);
INSERT INTO TeamMatchPerformance VALUES(46,'1821','18',36,648);
INSERT INTO TeamMatchPerformance VALUES(47,'1822','19',32,576);
INSERT INTO TeamMatchPerformance VALUES(48,'1822','14',55,990);
INSERT INTO TeamMatchPerformance VALUES(49,'1823','13',26,468);
INSERT INTO TeamMatchPerformance VALUES(50,'1823','16',61,1098);
INSERT INTO TeamMatchPerformance VALUES(51,'1832','19',0,0);
INSERT INTO TeamMatchPerformance VALUES(52,'1832','15',7,126);
CREATE TABLE Players (
  player_id TEXT PRIMARY KEY,
  player_name TEXT NOT NULL,
  team_id TEXT NOT NULL,
  FOREIGN KEY (team_id) REFERENCES Teams(team_id)
);
INSERT INTO Players VALUES('16_Vaibhav_Arora','Vaibhav Arora','16');
INSERT INTO Players VALUES('16_Spencer_Johnson','Spencer Johnson','16');
INSERT INTO Players VALUES('16_Varun_Chakaravarthy','Varun Chakaravarthy','16');
INSERT INTO Players VALUES('16_Harshit_Rana','Harshit Rana','16');
INSERT INTO Players VALUES('16_Sunil_Narine','Sunil Narine','16');
INSERT INTO Players VALUES('19_Josh_Hazlewood','Josh Hazlewood','19');
INSERT INTO Players VALUES('19_Yash_Dayal','Yash Dayal','19');
INSERT INTO Players VALUES('19_Rasikh_Dar','Rasikh Dar','19');
INSERT INTO Players VALUES('19_Krunal_Pandya','Krunal Pandya','19');
INSERT INTO Players VALUES('19_Suyash_Sharma','Suyash Sharma','19');
INSERT INTO Players VALUES('19_Liam_Livingstone','Liam Livingstone','19');
INSERT INTO Players VALUES('20_Mohammad_Shami','Mohammad Shami','20');
INSERT INTO Players VALUES('20_Simarjeet_Singh','Simarjeet Singh','20');
INSERT INTO Players VALUES('20_Pat_Cummins','Pat Cummins','20');
INSERT INTO Players VALUES('20_Abhishek_Sharma','Abhishek Sharma','20');
INSERT INTO Players VALUES('20_Adam_Zampa','Adam Zampa','20');
INSERT INTO Players VALUES('20_Harshal_Patel','Harshal Patel','20');
INSERT INTO Players VALUES('18_Fazalhaq_Farooqi','Fazalhaq Farooqi','18');
INSERT INTO Players VALUES('18_Maheesh_Theekshana','Maheesh Theekshana','18');
INSERT INTO Players VALUES('18_Jofra_Archer','Jofra Archer','18');
INSERT INTO Players VALUES('18_Sandeep_Sharma','Sandeep Sharma','18');
INSERT INTO Players VALUES('18_Nitish_Rana','Nitish Rana','18');
INSERT INTO Players VALUES('18_Tushar_Deshpande','Tushar Deshpande','18');
INSERT INTO Players VALUES('17_Trent_Boult','Trent Boult','17');
INSERT INTO Players VALUES('17_Deepak_Chahar','Deepak Chahar','17');
INSERT INTO Players VALUES('17_V_Satyanarayana_Penmetsa','V Satyanarayana Penmetsa','17');
INSERT INTO Players VALUES('17_Mitchell_Santner','Mitchell Santner','17');
INSERT INTO Players VALUES('17_Will_Jacks','Will Jacks','17');
INSERT INTO Players VALUES('17_Vignesh_Puthur','Vignesh Puthur','17');
INSERT INTO Players VALUES('17_Naman_Dhir','Naman Dhir','17');
INSERT INTO Players VALUES('13_Khaleel_Ahmed','Khaleel Ahmed','13');
INSERT INTO Players VALUES('13_Sam_Curran','Sam Curran','13');
INSERT INTO Players VALUES('13_Nathan_Ellis','Nathan Ellis','13');
INSERT INTO Players VALUES('13_Ravichandran_Ashwin','Ravichandran Ashwin','13');
INSERT INTO Players VALUES('13_Ravindra_Jadeja','Ravindra Jadeja','13');
INSERT INTO Players VALUES('13_Noor_Ahmad','Noor Ahmad','13');
INSERT INTO Players VALUES('77_Shardul_Thakur','Shardul Thakur','77');
INSERT INTO Players VALUES('77_M_Siddharth','M Siddharth','77');
INSERT INTO Players VALUES('77_Digvesh_Singh','Digvesh Singh','77');
INSERT INTO Players VALUES('77_Ravi_Bishnoi','Ravi Bishnoi','77');
INSERT INTO Players VALUES('77_Prince_Yadav','Prince Yadav','77');
INSERT INTO Players VALUES('77_Shahbaz_Ahmed','Shahbaz Ahmed','77');
INSERT INTO Players VALUES('14_Mitchell_Starc','Mitchell Starc','14');
INSERT INTO Players VALUES('14_Axar_Patel','Axar Patel','14');
INSERT INTO Players VALUES('14_Vipraj_Nigam','Vipraj Nigam','14');
INSERT INTO Players VALUES('14_Mukesh_Kumar','Mukesh Kumar','14');
INSERT INTO Players VALUES('14_Kuldeep_Yadav','Kuldeep Yadav','14');
INSERT INTO Players VALUES('14_Mohit_Sharma','Mohit Sharma','14');
INSERT INTO Players VALUES('14_Tristan_Stubbs','Tristan Stubbs','14');
INSERT INTO Players VALUES('15_Arshdeep_Singh','Arshdeep Singh','15');
INSERT INTO Players VALUES('15_Azmatullah_Omarzai','Azmatullah Omarzai','15');
INSERT INTO Players VALUES('15_Marco_Jansen','Marco Jansen','15');
INSERT INTO Players VALUES('15_Glenn_Maxwell','Glenn Maxwell','15');
INSERT INTO Players VALUES('15_Marcus_Stoinis','Marcus Stoinis','15');
INSERT INTO Players VALUES('15_Yuzvendra_Chahal','Yuzvendra Chahal','15');
INSERT INTO Players VALUES('15_Vyshak_Vijaykumar','Vyshak Vijaykumar','15');
INSERT INTO Players VALUES('35_Mohammed_Siraj','Mohammed Siraj','35');
INSERT INTO Players VALUES('35_Kagiso_Rabada','Kagiso Rabada','35');
INSERT INTO Players VALUES('35_Mohd_Arshad_Khan','Mohd Arshad Khan','35');
INSERT INTO Players VALUES('35_Rashid_Khan','Rashid Khan','35');
INSERT INTO Players VALUES('35_Prasidh_Krishna','Prasidh Krishna','35');
INSERT INTO Players VALUES('35_Sai_Kishore','Sai Kishore','35');
INSERT INTO Players VALUES('18_Riyan_Parag','Riyan Parag','18');
INSERT INTO Players VALUES('18_Wanindu_Hasaranga','Wanindu Hasaranga','18');
INSERT INTO Players VALUES('16_Moeen_Ali','Moeen Ali','16');
INSERT INTO Players VALUES('20_Ishan_Kishan','Ishan Kishan','20');
INSERT INTO Players VALUES('77_Avesh_Khan','Avesh Khan','77');
INSERT INTO Players VALUES('19_Bhuvneshwar_Kumar','Bhuvneshwar Kumar','19');
INSERT INTO Players VALUES('13_Matheesha_Pathirana','Matheesha Pathirana','13');
INSERT INTO Players VALUES('35_Ishant_Sharma','Ishant Sharma','35');
INSERT INTO Players VALUES('17_Mujeeb-ur-Rahman','Mujeeb-ur-Rahman','17');
INSERT INTO Players VALUES('17_Hardik_Pandya','Hardik Pandya','17');
INSERT INTO Players VALUES('20_Zeeshan_Ansari','Zeeshan Ansari','20');
INSERT INTO Players VALUES('20_Wiaan_Mulder','Wiaan Mulder','20');
INSERT INTO Players VALUES('18_Kumar_Kartikeya_Singh','Kumar Kartikeya Singh','18');
INSERT INTO Players VALUES('13_Jamie_Overton','Jamie Overton','13');
INSERT INTO Players VALUES('16_Andre_Russell','Andre Russell','16');
INSERT INTO Players VALUES('17_Ashwani_Kumar','Ashwani Kumar','17');
INSERT INTO Players VALUES('77_Abdul_Samad','Abdul Samad','77');
INSERT INTO Players VALUES('15_Lockie_Ferguson','Lockie Ferguson','15');
INSERT INTO Players VALUES('20_Kamindu_Mendis','Kamindu Mendis','20');
INSERT INTO Players VALUES('77_Akash_Deep','Akash Deep','77');
INSERT INTO Players VALUES('13_Mukesh_Choudhary','Mukesh Choudhary','13');
INSERT INTO Players VALUES('18_Yudhvir_Singh_Charak','Yudhvir Singh Charak','18');
INSERT INTO Players VALUES('20_Jaydev_Unadkat','Jaydev Unadkat','20');
INSERT INTO Players VALUES('17_Jasprit_Bumrah','Jasprit Bumrah','17');
INSERT INTO Players VALUES('15_Yash_Thakur','Yash Thakur','15');
INSERT INTO Players VALUES('35_Kulwant_Khejroliya','Kulwant Khejroliya','35');
INSERT INTO Players VALUES('13_Anshul_Kamboj','Anshul Kamboj','13');
INSERT INTO Players VALUES('15_Xavier_Bartlett','Xavier Bartlett','15');
CREATE TABLE PlayerMatchPerformance (
  id INTEGER PRIMARY KEY AUTOINCREMENT,
  match_id TEXT NOT NULL,
  player_id TEXT NOT NULL,
  team_id TEXT NOT NULL,
  dot_balls_bowled INTEGER NOT NULL DEFAULT 0,
  trees_planted INTEGER NOT NULL DEFAULT 0,
  FOREIGN KEY (match_id) REFERENCES Matches(match_id),
  FOREIGN KEY (player_id) REFERENCES Players(player_id),
  FOREIGN KEY (team_id) REFERENCES Teams(team_id),
  UNIQUE(match_id, player_id)
);
INSERT INTO PlayerMatchPerformance VALUES(1,'1799','16_Vaibhav_Arora','16',4,72);
INSERT INTO PlayerMatchPerformance VALUES(2,'1799','16_Spencer_Johnson','16',7,126);
INSERT INTO PlayerMatchPerformance VALUES(3,'1799','16_Varun_Chakaravarthy','16',7,126);
INSERT INTO PlayerMatchPerformance VALUES(4,'1799','16_Harshit_Rana','16',4,72);
INSERT INTO PlayerMatchPerformance VALUES(5,'1799','16_Sunil_Narine','16',5,90);
INSERT INTO PlayerMatchPerformance VALUES(6,'1799','19_Josh_Hazlewood','19',16,288);
INSERT INTO PlayerMatchPerformance VALUES(7,'1799','19_Yash_Dayal','19',7,126);
INSERT INTO PlayerMatchPerformance VALUES(8,'1799','19_Rasikh_Dar','19',9,162);
INSERT INTO PlayerMatchPerformance VALUES(9,'1799','19_Krunal_Pandya','19',8,144);
INSERT INTO PlayerMatchPerformance VALUES(10,'1799','19_Suyash_Sharma','19',8,144);
INSERT INTO PlayerMatchPerformance VALUES(11,'1799','19_Liam_Livingstone','19',2,36);
INSERT INTO PlayerMatchPerformance VALUES(12,'1800','20_Mohammad_Shami','20',8,144);
INSERT INTO PlayerMatchPerformance VALUES(13,'1800','20_Simarjeet_Singh','20',8,144);
INSERT INTO PlayerMatchPerformance VALUES(14,'1800','20_Pat_Cummins','20',4,72);
INSERT INTO PlayerMatchPerformance VALUES(15,'1800','20_Abhishek_Sharma','20',6,108);
INSERT INTO PlayerMatchPerformance VALUES(16,'1800','20_Adam_Zampa','20',7,126);
INSERT INTO PlayerMatchPerformance VALUES(17,'1800','20_Harshal_Patel','20',7,126);
INSERT INTO PlayerMatchPerformance VALUES(18,'1800','18_Fazalhaq_Farooqi','18',3,54);
INSERT INTO PlayerMatchPerformance VALUES(19,'1800','18_Maheesh_Theekshana','18',8,144);
INSERT INTO PlayerMatchPerformance VALUES(20,'1800','18_Jofra_Archer','18',1,18);
INSERT INTO PlayerMatchPerformance VALUES(21,'1800','18_Sandeep_Sharma','18',5,90);
INSERT INTO PlayerMatchPerformance VALUES(22,'1800','18_Nitish_Rana','18',0,0);
INSERT INTO PlayerMatchPerformance VALUES(23,'1800','18_Tushar_Deshpande','18',8,144);
INSERT INTO PlayerMatchPerformance VALUES(24,'1801','17_Trent_Boult','17',4,72);
INSERT INTO PlayerMatchPerformance VALUES(25,'1801','17_Deepak_Chahar','17',5,90);
INSERT INTO PlayerMatchPerformance VALUES(26,'1801','17_V_Satyanarayana_Penmetsa','17',0,0);
INSERT INTO PlayerMatchPerformance VALUES(27,'1801','17_Mitchell_Santner','17',5,90);
INSERT INTO PlayerMatchPerformance VALUES(28,'1801','17_Will_Jacks','17',7,126);
INSERT INTO PlayerMatchPerformance VALUES(29,'1801','17_Vignesh_Puthur','17',9,162);
INSERT INTO PlayerMatchPerformance VALUES(30,'1801','17_Naman_Dhir','17',7,126);
INSERT INTO PlayerMatchPerformance VALUES(31,'1801','13_Khaleel_Ahmed','13',15,270);
INSERT INTO PlayerMatchPerformance VALUES(32,'1801','13_Sam_Curran','13',2,36);
INSERT INTO PlayerMatchPerformance VALUES(33,'1801','13_Nathan_Ellis','13',6,108);
INSERT INTO PlayerMatchPerformance VALUES(34,'1801','13_Ravichandran_Ashwin','13',6,108);
INSERT INTO PlayerMatchPerformance VALUES(35,'1801','13_Ravindra_Jadeja','13',8,144);
INSERT INTO PlayerMatchPerformance VALUES(36,'1801','13_Noor_Ahmad','13',12,216);
INSERT INTO PlayerMatchPerformance VALUES(37,'1802','77_Shardul_Thakur','77',5,90);
INSERT INTO PlayerMatchPerformance VALUES(38,'1802','77_M_Siddharth','77',9,162);
INSERT INTO PlayerMatchPerformance VALUES(39,'1802','77_Digvesh_Singh','77',10,180);
INSERT INTO PlayerMatchPerformance VALUES(40,'1802','77_Ravi_Bishnoi','77',8,144);
INSERT INTO PlayerMatchPerformance VALUES(41,'1802','77_Prince_Yadav','77',5,90);
INSERT INTO PlayerMatchPerformance VALUES(42,'1802','77_Shahbaz_Ahmed','77',1,18);
INSERT INTO PlayerMatchPerformance VALUES(43,'1802','14_Mitchell_Starc','14',9,162);
INSERT INTO PlayerMatchPerformance VALUES(44,'1802','14_Axar_Patel','14',7,126);
INSERT INTO PlayerMatchPerformance VALUES(45,'1802','14_Vipraj_Nigam','14',3,54);
INSERT INTO PlayerMatchPerformance VALUES(46,'1802','14_Mukesh_Kumar','14',4,72);
INSERT INTO PlayerMatchPerformance VALUES(47,'1802','14_Kuldeep_Yadav','14',15,270);
INSERT INTO PlayerMatchPerformance VALUES(48,'1802','14_Mohit_Sharma','14',7,126);
INSERT INTO PlayerMatchPerformance VALUES(49,'1802','14_Tristan_Stubbs','14',1,18);
INSERT INTO PlayerMatchPerformance VALUES(50,'1803','15_Arshdeep_Singh','15',11,198);
INSERT INTO PlayerMatchPerformance VALUES(51,'1803','15_Azmatullah_Omarzai','15',3,54);
INSERT INTO PlayerMatchPerformance VALUES(52,'1803','15_Marco_Jansen','15',6,108);
INSERT INTO PlayerMatchPerformance VALUES(53,'1803','15_Glenn_Maxwell','15',3,54);
INSERT INTO PlayerMatchPerformance VALUES(54,'1803','15_Marcus_Stoinis','15',3,54);
INSERT INTO PlayerMatchPerformance VALUES(55,'1803','15_Yuzvendra_Chahal','15',4,72);
INSERT INTO PlayerMatchPerformance VALUES(56,'1803','15_Vyshak_Vijaykumar','15',7,126);
INSERT INTO PlayerMatchPerformance VALUES(57,'1803','35_Mohammed_Siraj','35',10,180);
INSERT INTO PlayerMatchPerformance VALUES(58,'1803','35_Kagiso_Rabada','35',8,144);
INSERT INTO PlayerMatchPerformance VALUES(59,'1803','35_Mohd_Arshad_Khan','35',1,18);
INSERT INTO PlayerMatchPerformance VALUES(60,'1803','35_Rashid_Khan','35',8,144);
INSERT INTO PlayerMatchPerformance VALUES(61,'1803','35_Prasidh_Krishna','35',6,108);
INSERT INTO PlayerMatchPerformance VALUES(62,'1803','35_Sai_Kishore','35',12,216);
INSERT INTO PlayerMatchPerformance VALUES(63,'1804','18_Jofra_Archer','18',7,126);
INSERT INTO PlayerMatchPerformance VALUES(64,'1804','18_Maheesh_Theekshana','18',11,198);
INSERT INTO PlayerMatchPerformance VALUES(65,'1804','18_Riyan_Parag','18',7,126);
INSERT INTO PlayerMatchPerformance VALUES(66,'1804','18_Sandeep_Sharma','18',4,72);
INSERT INTO PlayerMatchPerformance VALUES(67,'1804','18_Wanindu_Hasaranga','18',2,36);
INSERT INTO PlayerMatchPerformance VALUES(68,'1804','18_Nitish_Rana','18',0,0);
INSERT INTO PlayerMatchPerformance VALUES(69,'1804','18_Tushar_Deshpande','18',2,36);
INSERT INTO PlayerMatchPerformance VALUES(70,'1804','16_Spencer_Johnson','16',9,162);
INSERT INTO PlayerMatchPerformance VALUES(71,'1804','16_Vaibhav_Arora','16',9,162);
INSERT INTO PlayerMatchPerformance VALUES(72,'1804','16_Harshit_Rana','16',11,198);
INSERT INTO PlayerMatchPerformance VALUES(73,'1804','16_Moeen_Ali','16',5,90);
INSERT INTO PlayerMatchPerformance VALUES(74,'1804','16_Varun_Chakaravarthy','16',13,234);
INSERT INTO PlayerMatchPerformance VALUES(75,'1805','20_Abhishek_Sharma','20',5,90);
INSERT INTO PlayerMatchPerformance VALUES(76,'1805','20_Mohammad_Shami','20',5,90);
INSERT INTO PlayerMatchPerformance VALUES(77,'1805','20_Simarjeet_Singh','20',5,90);
INSERT INTO PlayerMatchPerformance VALUES(78,'1805','20_Pat_Cummins','20',9,162);
INSERT INTO PlayerMatchPerformance VALUES(79,'1805','20_Adam_Zampa','20',3,54);
INSERT INTO PlayerMatchPerformance VALUES(80,'1805','20_Harshal_Patel','20',2,36);
INSERT INTO PlayerMatchPerformance VALUES(81,'1805','20_Ishan_Kishan','20',0,0);
INSERT INTO PlayerMatchPerformance VALUES(82,'1805','77_Shardul_Thakur','77',11,198);
INSERT INTO PlayerMatchPerformance VALUES(83,'1805','77_Avesh_Khan','77',5,90);
INSERT INTO PlayerMatchPerformance VALUES(84,'1805','77_Digvesh_Singh','77',8,144);
INSERT INTO PlayerMatchPerformance VALUES(85,'1805','77_Ravi_Bishnoi','77',8,144);
INSERT INTO PlayerMatchPerformance VALUES(86,'1805','77_Prince_Yadav','77',7,126);
INSERT INTO PlayerMatchPerformance VALUES(87,'1806','19_Bhuvneshwar_Kumar','19',9,162);
INSERT INTO PlayerMatchPerformance VALUES(88,'1806','19_Josh_Hazlewood','19',15,270);
INSERT INTO PlayerMatchPerformance VALUES(89,'1806','19_Yash_Dayal','19',6,108);
INSERT INTO PlayerMatchPerformance VALUES(90,'1806','19_Liam_Livingstone','19',5,90);
INSERT INTO PlayerMatchPerformance VALUES(91,'1806','19_Suyash_Sharma','19',10,180);
INSERT INTO PlayerMatchPerformance VALUES(92,'1806','19_Krunal_Pandya','19',4,72);
INSERT INTO PlayerMatchPerformance VALUES(93,'1806','13_Khaleel_Ahmed','13',13,234);
INSERT INTO PlayerMatchPerformance VALUES(94,'1806','13_Ravichandran_Ashwin','13',3,54);
INSERT INTO PlayerMatchPerformance VALUES(95,'1806','13_Sam_Curran','13',8,144);
INSERT INTO PlayerMatchPerformance VALUES(96,'1806','13_Noor_Ahmad','13',7,126);
INSERT INTO PlayerMatchPerformance VALUES(97,'1806','13_Ravindra_Jadeja','13',5,90);
INSERT INTO PlayerMatchPerformance VALUES(98,'1806','13_Matheesha_Pathirana','13',10,180);
INSERT INTO PlayerMatchPerformance VALUES(99,'1807','35_Mohammed_Siraj','35',12,216);
INSERT INTO PlayerMatchPerformance VALUES(100,'1807','35_Kagiso_Rabada','35',6,108);
INSERT INTO PlayerMatchPerformance VALUES(101,'1807','35_Ishant_Sharma','35',5,90);
INSERT INTO PlayerMatchPerformance VALUES(102,'1807','35_Rashid_Khan','35',4,72);
INSERT INTO PlayerMatchPerformance VALUES(103,'1807','35_Sai_Kishore','35',6,108);
INSERT INTO PlayerMatchPerformance VALUES(104,'1807','35_Prasidh_Krishna','35',14,252);
INSERT INTO PlayerMatchPerformance VALUES(105,'1807','17_Trent_Boult','17',6,108);
INSERT INTO PlayerMatchPerformance VALUES(106,'1807','17_Deepak_Chahar','17',9,162);
INSERT INTO PlayerMatchPerformance VALUES(107,'1807','17_Mujeeb-ur-Rahman','17',4,72);
INSERT INTO PlayerMatchPerformance VALUES(108,'1807','17_Hardik_Pandya','17',8,144);
INSERT INTO PlayerMatchPerformance VALUES(109,'1807','17_Mitchell_Santner','17',5,90);
INSERT INTO PlayerMatchPerformance VALUES(110,'1807','17_V_Satyanarayana_Penmetsa','17',4,72);
INSERT INTO PlayerMatchPerformance VALUES(111,'1808','20_Mohammad_Shami','20',7,126);
INSERT INTO PlayerMatchPerformance VALUES(112,'1808','20_Abhishek_Sharma','20',4,72);
INSERT INTO PlayerMatchPerformance VALUES(113,'1808','20_Pat_Cummins','20',2,36);
INSERT INTO PlayerMatchPerformance VALUES(114,'1808','20_Harshal_Patel','20',7,126);
INSERT INTO PlayerMatchPerformance VALUES(115,'1808','20_Zeeshan_Ansari','20',5,90);
INSERT INTO PlayerMatchPerformance VALUES(116,'1808','20_Wiaan_Mulder','20',1,18);
INSERT INTO PlayerMatchPerformance VALUES(117,'1808','14_Mitchell_Starc','14',12,216);
INSERT INTO PlayerMatchPerformance VALUES(118,'1808','14_Mukesh_Kumar','14',3,54);
INSERT INTO PlayerMatchPerformance VALUES(119,'1808','14_Axar_Patel','14',7,126);
INSERT INTO PlayerMatchPerformance VALUES(120,'1808','14_Vipraj_Nigam','14',2,36);
INSERT INTO PlayerMatchPerformance VALUES(121,'1808','14_Mohit_Sharma','14',4,72);
INSERT INTO PlayerMatchPerformance VALUES(122,'1808','14_Kuldeep_Yadav','14',13,234);
INSERT INTO PlayerMatchPerformance VALUES(123,'1809','18_Jofra_Archer','18',13,234);
INSERT INTO PlayerMatchPerformance VALUES(124,'1809','18_Tushar_Deshpande','18',8,144);
INSERT INTO PlayerMatchPerformance VALUES(125,'1809','18_Sandeep_Sharma','18',2,36);
INSERT INTO PlayerMatchPerformance VALUES(126,'1809','18_Maheesh_Theekshana','18',4,72);
INSERT INTO PlayerMatchPerformance VALUES(127,'1809','18_Wanindu_Hasaranga','18',12,216);
INSERT INTO PlayerMatchPerformance VALUES(128,'1809','18_Kumar_Kartikeya_Singh','18',2,36);
INSERT INTO PlayerMatchPerformance VALUES(129,'1809','13_Khaleel_Ahmed','13',12,216);
INSERT INTO PlayerMatchPerformance VALUES(130,'1809','13_Jamie_Overton','13',2,36);
INSERT INTO PlayerMatchPerformance VALUES(131,'1809','13_Ravichandran_Ashwin','13',6,108);
INSERT INTO PlayerMatchPerformance VALUES(132,'1809','13_Noor_Ahmad','13',9,162);
INSERT INTO PlayerMatchPerformance VALUES(133,'1809','13_Matheesha_Pathirana','13',11,198);
INSERT INTO PlayerMatchPerformance VALUES(134,'1809','13_Ravindra_Jadeja','13',3,54);
INSERT INTO PlayerMatchPerformance VALUES(135,'1810','16_Spencer_Johnson','16',7,126);
INSERT INTO PlayerMatchPerformance VALUES(136,'1810','16_Harshit_Rana','16',5,90);
INSERT INTO PlayerMatchPerformance VALUES(137,'1810','16_Varun_Chakaravarthy','16',9,162);
INSERT INTO PlayerMatchPerformance VALUES(138,'1810','16_Andre_Russell','16',4,72);
INSERT INTO PlayerMatchPerformance VALUES(139,'1810','16_Sunil_Narine','16',5,90);
INSERT INTO PlayerMatchPerformance VALUES(140,'1810','17_Trent_Boult','17',14,252);
INSERT INTO PlayerMatchPerformance VALUES(141,'1810','17_Deepak_Chahar','17',6,108);
INSERT INTO PlayerMatchPerformance VALUES(142,'1810','17_Ashwani_Kumar','17',10,180);
INSERT INTO PlayerMatchPerformance VALUES(143,'1810','17_Hardik_Pandya','17',6,108);
INSERT INTO PlayerMatchPerformance VALUES(144,'1810','17_Vignesh_Puthur','17',4,72);
INSERT INTO PlayerMatchPerformance VALUES(145,'1810','17_Mitchell_Santner','17',12,216);
INSERT INTO PlayerMatchPerformance VALUES(146,'1811','77_Shardul_Thakur','77',6,108);
INSERT INTO PlayerMatchPerformance VALUES(147,'1811','77_Avesh_Khan','77',5,90);
INSERT INTO PlayerMatchPerformance VALUES(148,'1811','77_Digvesh_Singh','77',10,180);
INSERT INTO PlayerMatchPerformance VALUES(149,'1811','77_Ravi_Bishnoi','77',6,108);
INSERT INTO PlayerMatchPerformance VALUES(150,'1811','77_M_Siddharth','77',3,54);
INSERT INTO PlayerMatchPerformance VALUES(151,'1811','77_Abdul_Samad','77',1,18);
INSERT INTO PlayerMatchPerformance VALUES(152,'1811','15_Arshdeep_Singh','15',8,144);
INSERT INTO PlayerMatchPerformance VALUES(153,'1811','15_Lockie_Ferguson','15',7,126);
INSERT INTO PlayerMatchPerformance VALUES(154,'1811','15_Glenn_Maxwell','15',8,144);
INSERT INTO PlayerMatchPerformance VALUES(155,'1811','15_Marco_Jansen','15',9,162);
INSERT INTO PlayerMatchPerformance VALUES(156,'1811','15_Marcus_Stoinis','15',5,90);
INSERT INTO PlayerMatchPerformance VALUES(157,'1811','15_Yuzvendra_Chahal','15',8,144);
INSERT INTO PlayerMatchPerformance VALUES(158,'1812','19_Bhuvneshwar_Kumar','19',12,216);
INSERT INTO PlayerMatchPerformance VALUES(159,'1812','19_Josh_Hazlewood','19',10,180);
INSERT INTO PlayerMatchPerformance VALUES(160,'1812','19_Yash_Dayal','19',7,126);
INSERT INTO PlayerMatchPerformance VALUES(161,'1812','19_Rasikh_Dar','19',5,90);
INSERT INTO PlayerMatchPerformance VALUES(162,'1812','19_Krunal_Pandya','19',3,54);
INSERT INTO PlayerMatchPerformance VALUES(163,'1812','19_Liam_Livingstone','19',2,36);
INSERT INTO PlayerMatchPerformance VALUES(164,'1812','35_Mohammed_Siraj','35',14,252);
INSERT INTO PlayerMatchPerformance VALUES(165,'1812','35_Mohd_Arshad_Khan','35',6,108);
INSERT INTO PlayerMatchPerformance VALUES(166,'1812','35_Prasidh_Krishna','35',13,234);
INSERT INTO PlayerMatchPerformance VALUES(167,'1812','35_Ishant_Sharma','35',4,72);
INSERT INTO PlayerMatchPerformance VALUES(168,'1812','35_Sai_Kishore','35',11,198);
INSERT INTO PlayerMatchPerformance VALUES(169,'1812','35_Rashid_Khan','35',6,108);
INSERT INTO PlayerMatchPerformance VALUES(170,'1813','16_Vaibhav_Arora','16',12,216);
INSERT INTO PlayerMatchPerformance VALUES(171,'1813','16_Harshit_Rana','16',9,162);
INSERT INTO PlayerMatchPerformance VALUES(172,'1813','16_Varun_Chakaravarthy','16',11,198);
INSERT INTO PlayerMatchPerformance VALUES(173,'1813','16_Andre_Russell','16',3,54);
INSERT INTO PlayerMatchPerformance VALUES(174,'1813','16_Sunil_Narine','16',9,162);
INSERT INTO PlayerMatchPerformance VALUES(175,'1813','20_Mohammad_Shami','20',11,198);
INSERT INTO PlayerMatchPerformance VALUES(176,'1813','20_Pat_Cummins','20',11,198);
INSERT INTO PlayerMatchPerformance VALUES(177,'1813','20_Simarjeet_Singh','20',7,126);
INSERT INTO PlayerMatchPerformance VALUES(178,'1813','20_Zeeshan_Ansari','20',6,108);
INSERT INTO PlayerMatchPerformance VALUES(179,'1813','20_Harshal_Patel','20',6,108);
INSERT INTO PlayerMatchPerformance VALUES(180,'1813','20_Kamindu_Mendis','20',2,36);
INSERT INTO PlayerMatchPerformance VALUES(181,'1814','77_Shardul_Thakur','77',3,54);
INSERT INTO PlayerMatchPerformance VALUES(182,'1814','77_Akash_Deep','77',7,126);
INSERT INTO PlayerMatchPerformance VALUES(183,'1814','77_Avesh_Khan','77',8,144);
INSERT INTO PlayerMatchPerformance VALUES(184,'1814','77_Digvesh_Singh','77',8,144);
INSERT INTO PlayerMatchPerformance VALUES(185,'1814','77_Ravi_Bishnoi','77',4,72);
INSERT INTO PlayerMatchPerformance VALUES(186,'1814','17_Trent_Boult','17',8,144);
INSERT INTO PlayerMatchPerformance VALUES(187,'1814','17_Deepak_Chahar','17',2,36);
INSERT INTO PlayerMatchPerformance VALUES(188,'1814','17_Ashwani_Kumar','17',5,90);
INSERT INTO PlayerMatchPerformance VALUES(189,'1814','17_Mitchell_Santner','17',5,90);
INSERT INTO PlayerMatchPerformance VALUES(190,'1814','17_Vignesh_Puthur','17',8,144);
INSERT INTO PlayerMatchPerformance VALUES(191,'1814','17_Hardik_Pandya','17',10,180);
INSERT INTO PlayerMatchPerformance VALUES(192,'1815','14_Mitchell_Starc','14',12,216);
INSERT INTO PlayerMatchPerformance VALUES(193,'1815','14_Mukesh_Kumar','14',5,90);
INSERT INTO PlayerMatchPerformance VALUES(194,'1815','14_Mohit_Sharma','14',3,54);
INSERT INTO PlayerMatchPerformance VALUES(195,'1815','14_Vipraj_Nigam','14',9,162);
INSERT INTO PlayerMatchPerformance VALUES(196,'1815','14_Kuldeep_Yadav','14',4,72);
INSERT INTO PlayerMatchPerformance VALUES(197,'1815','14_Axar_Patel','14',1,18);
INSERT INTO PlayerMatchPerformance VALUES(198,'1815','13_Khaleel_Ahmed','13',9,162);
INSERT INTO PlayerMatchPerformance VALUES(199,'1815','13_Mukesh_Choudhary','13',6,108);
INSERT INTO PlayerMatchPerformance VALUES(200,'1815','13_Ravichandran_Ashwin','13',4,72);
INSERT INTO PlayerMatchPerformance VALUES(201,'1815','13_Ravindra_Jadeja','13',4,72);
INSERT INTO PlayerMatchPerformance VALUES(202,'1815','13_Noor_Ahmad','13',2,36);
INSERT INTO PlayerMatchPerformance VALUES(203,'1815','13_Matheesha_Pathirana','13',5,90);
INSERT INTO PlayerMatchPerformance VALUES(204,'1816','18_Jofra_Archer','18',14,252);
INSERT INTO PlayerMatchPerformance VALUES(205,'1816','18_Yudhvir_Singh_Charak','18',5,90);
INSERT INTO PlayerMatchPerformance VALUES(206,'1816','18_Sandeep_Sharma','18',8,144);
INSERT INTO PlayerMatchPerformance VALUES(207,'1816','18_Maheesh_Theekshana','18',9,162);
INSERT INTO PlayerMatchPerformance VALUES(208,'1816','18_Kumar_Kartikeya_Singh','18',4,72);
INSERT INTO PlayerMatchPerformance VALUES(209,'1816','18_Wanindu_Hasaranga','18',4,72);
INSERT INTO PlayerMatchPerformance VALUES(210,'1816','15_Arshdeep_Singh','15',10,180);
INSERT INTO PlayerMatchPerformance VALUES(211,'1816','15_Marco_Jansen','15',7,126);
INSERT INTO PlayerMatchPerformance VALUES(212,'1816','15_Lockie_Ferguson','15',10,180);
INSERT INTO PlayerMatchPerformance VALUES(213,'1816','15_Glenn_Maxwell','15',3,54);
INSERT INTO PlayerMatchPerformance VALUES(214,'1816','15_Yuzvendra_Chahal','15',2,36);
INSERT INTO PlayerMatchPerformance VALUES(215,'1816','15_Marcus_Stoinis','15',4,72);
INSERT INTO PlayerMatchPerformance VALUES(216,'1817','77_Akash_Deep','77',9,162);
INSERT INTO PlayerMatchPerformance VALUES(217,'1817','77_Shardul_Thakur','77',9,162);
INSERT INTO PlayerMatchPerformance VALUES(218,'1817','77_Avesh_Khan','77',10,180);
INSERT INTO PlayerMatchPerformance VALUES(219,'1817','77_Digvesh_Singh','77',8,144);
INSERT INTO PlayerMatchPerformance VALUES(220,'1817','77_Ravi_Bishnoi','77',8,144);
INSERT INTO PlayerMatchPerformance VALUES(221,'1817','16_Vaibhav_Arora','16',9,162);
INSERT INTO PlayerMatchPerformance VALUES(222,'1817','16_Spencer_Johnson','16',3,54);
INSERT INTO PlayerMatchPerformance VALUES(223,'1817','16_Varun_Chakaravarthy','16',9,162);
INSERT INTO PlayerMatchPerformance VALUES(224,'1817','16_Harshit_Rana','16',5,90);
INSERT INTO PlayerMatchPerformance VALUES(225,'1817','16_Sunil_Narine','16',6,108);
INSERT INTO PlayerMatchPerformance VALUES(226,'1817','16_Andre_Russell','16',4,72);
INSERT INTO PlayerMatchPerformance VALUES(227,'1818','20_Mohammad_Shami','20',10,180);
INSERT INTO PlayerMatchPerformance VALUES(228,'1818','20_Pat_Cummins','20',8,144);
INSERT INTO PlayerMatchPerformance VALUES(229,'1818','20_Simarjeet_Singh','20',2,36);
INSERT INTO PlayerMatchPerformance VALUES(230,'1818','20_Jaydev_Unadkat','20',2,36);
INSERT INTO PlayerMatchPerformance VALUES(231,'1818','20_Zeeshan_Ansari','20',4,72);
INSERT INTO PlayerMatchPerformance VALUES(232,'1818','20_Kamindu_Mendis','20',1,18);
INSERT INTO PlayerMatchPerformance VALUES(233,'1818','20_Abhishek_Sharma','20',1,18);
INSERT INTO PlayerMatchPerformance VALUES(234,'1818','35_Mohammed_Siraj','35',17,306);
INSERT INTO PlayerMatchPerformance VALUES(235,'1818','35_Ishant_Sharma','35',5,90);
INSERT INTO PlayerMatchPerformance VALUES(236,'1818','35_Prasidh_Krishna','35',9,162);
INSERT INTO PlayerMatchPerformance VALUES(237,'1818','35_Rashid_Khan','35',9,162);
INSERT INTO PlayerMatchPerformance VALUES(238,'1818','35_Sai_Kishore','35',7,126);
INSERT INTO PlayerMatchPerformance VALUES(239,'1819','19_Bhuvneshwar_Kumar','19',9,162);
INSERT INTO PlayerMatchPerformance VALUES(240,'1819','19_Yash_Dayal','19',8,144);
INSERT INTO PlayerMatchPerformance VALUES(241,'1819','19_Josh_Hazlewood','19',12,216);
INSERT INTO PlayerMatchPerformance VALUES(242,'1819','19_Suyash_Sharma','19',11,198);
INSERT INTO PlayerMatchPerformance VALUES(243,'1819','19_Krunal_Pandya','19',8,144);
INSERT INTO PlayerMatchPerformance VALUES(244,'1819','17_Trent_Boult','17',8,144);
INSERT INTO PlayerMatchPerformance VALUES(245,'1819','17_Deepak_Chahar','17',2,36);
INSERT INTO PlayerMatchPerformance VALUES(246,'1819','17_Jasprit_Bumrah','17',5,90);
INSERT INTO PlayerMatchPerformance VALUES(247,'1819','17_Will_Jacks','17',2,36);
INSERT INTO PlayerMatchPerformance VALUES(248,'1819','17_Mitchell_Santner','17',6,108);
INSERT INTO PlayerMatchPerformance VALUES(249,'1819','17_Hardik_Pandya','17',8,144);
INSERT INTO PlayerMatchPerformance VALUES(250,'1819','17_Vignesh_Puthur','17',1,18);
INSERT INTO PlayerMatchPerformance VALUES(251,'1820','15_Arshdeep_Singh','15',6,108);
INSERT INTO PlayerMatchPerformance VALUES(252,'1820','15_Yash_Thakur','15',8,144);
INSERT INTO PlayerMatchPerformance VALUES(253,'1820','15_Glenn_Maxwell','15',4,72);
INSERT INTO PlayerMatchPerformance VALUES(254,'1820','15_Marco_Jansen','15',4,72);
INSERT INTO PlayerMatchPerformance VALUES(255,'1820','15_Lockie_Ferguson','15',10,180);
INSERT INTO PlayerMatchPerformance VALUES(256,'1820','15_Marcus_Stoinis','15',2,36);
INSERT INTO PlayerMatchPerformance VALUES(257,'1820','15_Yuzvendra_Chahal','15',0,0);
INSERT INTO PlayerMatchPerformance VALUES(258,'1820','13_Khaleel_Ahmed','13',9,162);
INSERT INTO PlayerMatchPerformance VALUES(259,'1820','13_Mukesh_Choudhary','13',5,90);
INSERT INTO PlayerMatchPerformance VALUES(260,'1820','13_Ravichandran_Ashwin','13',7,126);
INSERT INTO PlayerMatchPerformance VALUES(261,'1820','13_Ravindra_Jadeja','13',7,126);
INSERT INTO PlayerMatchPerformance VALUES(262,'1820','13_Noor_Ahmad','13',4,72);
INSERT INTO PlayerMatchPerformance VALUES(263,'1820','13_Matheesha_Pathirana','13',4,72);
INSERT INTO PlayerMatchPerformance VALUES(264,'1821','35_Mohammed_Siraj','35',15,270);
INSERT INTO PlayerMatchPerformance VALUES(265,'1821','35_Mohd_Arshad_Khan','35',5,90);
INSERT INTO PlayerMatchPerformance VALUES(266,'1821','35_Prasidh_Krishna','35',12,216);
INSERT INTO PlayerMatchPerformance VALUES(267,'1821','35_Kulwant_Khejroliya','35',4,72);
INSERT INTO PlayerMatchPerformance VALUES(268,'1821','35_Rashid_Khan','35',6,108);
INSERT INTO PlayerMatchPerformance VALUES(269,'1821','35_Sai_Kishore','35',3,54);
INSERT INTO PlayerMatchPerformance VALUES(270,'1821','18_Jofra_Archer','18',10,180);
INSERT INTO PlayerMatchPerformance VALUES(271,'1821','18_Fazalhaq_Farooqi','18',8,144);
INSERT INTO PlayerMatchPerformance VALUES(272,'1821','18_Tushar_Deshpande','18',7,126);
INSERT INTO PlayerMatchPerformance VALUES(273,'1821','18_Sandeep_Sharma','18',6,108);
INSERT INTO PlayerMatchPerformance VALUES(274,'1821','18_Maheesh_Theekshana','18',5,90);
INSERT INTO PlayerMatchPerformance VALUES(275,'1822','19_Bhuvneshwar_Kumar','19',12,216);
INSERT INTO PlayerMatchPerformance VALUES(276,'1822','19_Yash_Dayal','19',5,90);
INSERT INTO PlayerMatchPerformance VALUES(277,'1822','19_Josh_Hazlewood','19',2,36);
INSERT INTO PlayerMatchPerformance VALUES(278,'1822','19_Suyash_Sharma','19',12,216);
INSERT INTO PlayerMatchPerformance VALUES(279,'1822','19_Krunal_Pandya','19',1,18);
INSERT INTO PlayerMatchPerformance VALUES(280,'1822','19_Liam_Livingstone','19',0,0);
INSERT INTO PlayerMatchPerformance VALUES(281,'1822','14_Mitchell_Starc','14',9,162);
INSERT INTO PlayerMatchPerformance VALUES(282,'1822','14_Axar_Patel','14',8,144);
INSERT INTO PlayerMatchPerformance VALUES(283,'1822','14_Vipraj_Nigam','14',12,216);
INSERT INTO PlayerMatchPerformance VALUES(284,'1822','14_Mukesh_Kumar','14',10,180);
INSERT INTO PlayerMatchPerformance VALUES(285,'1822','14_Kuldeep_Yadav','14',11,198);
INSERT INTO PlayerMatchPerformance VALUES(286,'1822','14_Mohit_Sharma','14',5,90);
INSERT INTO PlayerMatchPerformance VALUES(287,'1823','13_Khaleel_Ahmed','13',8,144);
INSERT INTO PlayerMatchPerformance VALUES(288,'1823','13_Anshul_Kamboj','13',4,72);
INSERT INTO PlayerMatchPerformance VALUES(289,'1823','13_Ravichandran_Ashwin','13',7,126);
INSERT INTO PlayerMatchPerformance VALUES(290,'1823','13_Noor_Ahmad','13',7,126);
INSERT INTO PlayerMatchPerformance VALUES(291,'1823','13_Ravindra_Jadeja','13',0,0);
INSERT INTO PlayerMatchPerformance VALUES(292,'1823','16_Vaibhav_Arora','16',10,180);
INSERT INTO PlayerMatchPerformance VALUES(293,'1823','16_Moeen_Ali','16',11,198);
INSERT INTO PlayerMatchPerformance VALUES(294,'1823','16_Harshit_Rana','16',17,306);
INSERT INTO PlayerMatchPerformance VALUES(295,'1823','16_Varun_Chakaravarthy','16',11,198);
INSERT INTO PlayerMatchPerformance VALUES(296,'1823','16_Sunil_Narine','16',12,216);
INSERT INTO PlayerMatchPerformance VALUES(297,'1832','15_Arshdeep_Singh','15',4,72);
INSERT INTO PlayerMatchPerformance VALUES(298,'1832','15_Xavier_Bartlett','15',3,54);
CREATE TABLE TreePlantingSummary (
  id INTEGER PRIMARY KEY AUTOINCREMENT,
  team_id TEXT NOT NULL UNIQUE,
  total_trees_planted INTEGER NOT NULL DEFAULT 0,
  last_updated DATETIME NOT NULL,
  FOREIGN KEY (team_id) REFERENCES Teams(team_id)
);
INSERT INTO TreePlantingSummary VALUES(1,'16',4410,'2025-04-19 01:31:32');
INSERT INTO TreePlantingSummary VALUES(2,'19',3924,'2025-04-19 03:30:39');
INSERT INTO TreePlantingSummary VALUES(3,'20',2988,'2025-04-19 01:31:19');
INSERT INTO TreePlantingSummary VALUES(4,'18',3222,'2025-04-19 01:31:27');
INSERT INTO TreePlantingSummary VALUES(5,'17',3510,'2025-04-19 01:31:22');
INSERT INTO TreePlantingSummary VALUES(6,'13',4140,'2025-04-19 01:31:32');
INSERT INTO TreePlantingSummary VALUES(7,'77',3276,'2025-04-19 01:31:17');
INSERT INTO TreePlantingSummary VALUES(8,'14',3168,'2025-04-19 01:31:29');
INSERT INTO TreePlantingSummary VALUES(9,'15',2862,'2025-04-19 03:30:39');
INSERT INTO TreePlantingSummary VALUES(10,'35',4284,'2025-04-19 01:31:27');
DELETE FROM sqlite_sequence;
INSERT INTO sqlite_sequence VALUES('TeamMatchPerformance',52);
INSERT INTO sqlite_sequence VALUES('TreePlantingSummary',52);
INSERT INTO sqlite_sequence VALUES('PlayerMatchPerformance',298);
CREATE INDEX idx_match_date ON Matches(match_date);
CREATE INDEX idx_team_performance ON TeamMatchPerformance(team_id, match_id);
CREATE INDEX idx_player_performance ON PlayerMatchPerformance(player_id, match_id);
